<?xml version="1.0" encoding="UTF-8" standalone="no"?>

<!DOCTYPE sqlMap
    PUBLIC "-//ibatis.apache.org//DTD SQL Map 2.0//EN"
    "http://ibatis.apache.org/dtd/sql-map-2.dtd">

<!-- The SQL in these maps files has purposely been typed with more verbosity than is actually required.
 For example, many of the selects could have just used SELECT * FROM... instead of listing all of the columns.
 This is to demonstrate that even complex SQL can be handled and coded and formatted the way SQL was meant
 to be (i.e. not a bunch of concatenated strings in a Java class). -->

<sqlMap namespace="Category">

  <typeAlias alias="category" type="com.ibatis.jpetstore.domain.Category"/>

  <cacheModel id="oneDayCategory" type="LRU">
    <flushInterval hours="24"/>
  </cacheModel>

  <resultMap id="categoryResult" class="category">
    <result property="categoryId" column="CATID"/>
    <result property="name" column="NAME"/>
    <result property="description" column="DESCN"/>
  </resultMap>

  <select id="getCategory" resultMap="categoryResult" parameterClass="string">
    select CATID, NAME, DESCN from CATEGORY where CATID = #value#
  </select>

  <select id="getCategoryList" resultMap="categoryResult">
    select CATID, NAME, DESCN from CATEGORY
  </select>

</sqlMap>
