Concern Name,DOSC,DOSM,CDC,CDO,SLOCC
"XML Syntax",0.230,0.452,4,5,32
"Inline Parameter Syntax",0.368,0.823,3,8,260
"isNotPropertyAvailable",0.405,0.245,2,2,25
"JDK Logging",0.468,0.850,2,8,38
"SQL Fragments",0.920,0.977,31,128,1085
"Query",0.857,0.983,17,160,856
"ResultSet Type",0.194,0.725,4,8,105
"Arbitrary",0.302,0.859,2,12,206
"float",0.755,0.883,10,17,274
"XML Syntax",0.011,0.871,3,11,369
"isNotParameterPresent",0.405,0.245,2,2,25
"Statement Types",0.852,0.967,20,109,1023
"Pool.MaximumIdleConnections Property",0.000,0.704,1,5,246
"OSCACHE",0.673,0.861,4,15,89
"Null Value Substitution",0.790,0.823,30,36,603
"Parameter Classes",0.194,0.181,4,5,105
"User Transactions",0.536,0.863,3,11,104
"Fetch Size",0.582,0.657,7,9,185
"Custom Type Handlers",0.809,0.972,15,179,1133
"isEmpty",0.489,0.499,2,2,43
"Automatic Transactions",0.000,0.842,1,8,121
"FIFO",0.393,0.806,2,7,60
"Query",0.722,0.888,5,29,128
"isLessEqual",0.428,0.298,2,2,26
"Null Value Substitution",0.818,0.895,29,33,326
"Byte Code Generation",0.759,0.836,9,19,225
"Resources",0.867,0.944,20,58,1436
"Flush Triggers",0.706,0.751,9,15,228
"Pool.PingEnabled Property",0.113,0.792,2,12,333
"Auto-Generated Keys",0.549,0.805,4,12,144
"Connections",0.816,0.973,19,131,1352
"Inline Parameters",0.727,0.897,6,21,488
"Column Identifiers",0.110,0.097,2,5,241
"Driver.* Property",0.000,0.494,1,2,178
"java.sql.Connection",0.812,0.844,8,9,139
"Error Handling",0.977,0.996,129,815,7195
"Global Properties",0.072,0.464,3,2,54
"Lazy Loading",0.870,0.927,12,37,374
"Logging",0.881,0.960,23,85,1093
"Conditionals",0.845,0.904,18,27,374
"WEAK",0.322,0.743,2,4,50
"Classes",0.855,0.886,12,30,859
"Timeout",0.695,0.804,8,11,296
"java.sql.Time",0.783,0.866,8,20,158
"Max Sessions",0.733,0.833,5,16,201
"DELETE",0.667,0.684,7,12,75
"java.sql.PreparedStatement",0.626,0.780,3,10,177
"Query 1:1",0.790,0.889,11,22,180
"isNotEqual",0.405,0.245,2,2,25
"Flush Interval",0.566,0.587,3,6,162
"Date Types",0.915,0.964,14,61,403
"Statements",0.986,0.998,152,1387,9843
"Transformation Rules",0.770,0.855,6,30,222
"Binary Conditionals",0.737,0.638,9,12,149
"isPropertyAvailable",0.489,0.497,2,2,43
"SQL Map",0.200,0.788,5,14,620
"Class Info Caching",0.000,NaN,1,0,1
"Caching",0.941,0.983,38,171,1689
"Namespaces",0.493,0.823,5,10,730
"Iteration",0.803,0.942,8,44,445
"double",0.755,0.883,10,17,274
"Blocks",0.428,0.298,2,2,26
"IGNORE",0.977,0.996,129,815,7195
"EXTERNAL",0.413,0.853,2,10,76
"isGreaterThan",0.428,0.298,2,2,26
"Config",0.113,0.897,6,22,424
"Parameter Types",0.974,0.990,63,390,3394
"INSERT",0.777,0.889,9,24,244
"CompareValue",0.164,0.147,2,3,78
"Pool.PingConnectionsOlderThan Property",0.113,0.792,2,12,333
"String",0.811,0.860,9,19,167
"Cache Model",0.872,0.907,12,46,389
"Transactions",0.903,0.970,24,110,911
"IsLessThan",0.428,0.298,2,2,26
"isEqual",0.405,0.245,2,2,25
"java.util.Date",0.778,0.912,5,17,156
"LRU",0.373,0.821,2,7,65
"Open",0.428,0.423,3,5,97
"SQL Scripts",0.000,0.435,1,7,115
"byte",0.687,0.873,9,17,229
"Composing SQL",0.930,0.978,35,151,1332
"Nested Selects",0.844,0.858,15,44,713
"Statement Caching",0.799,0.932,9,28,394
"Parameter Mapping",0.937,0.974,57,153,1587
"In-Memory",0.645,0.887,4,12,112
"Log4J",0.468,0.850,2,8,38
"Logging Activities",0.846,0.950,17,51,953
"General",0.276,0.263,2,5,85
"Jakarta Commons Logging",0.330,0.844,2,7,29
"Statement Execution",0.907,0.992,35,364,2264
"JDBC.DefaultAutoCommit Property",0.000,0.494,1,2,176
"XML",0.889,0.942,19,90,1192
"JDBC.Username Property",0.000,0.659,1,8,221
"Query 1:N",0.822,0.982,15,139,689
"Mapping Output Parameters from SQL",0.956,0.986,69,307,2756
"Result Mapping",0.925,0.973,66,187,1988
"isParameterPresent",0.405,0.245,2,2,25
"SimpleDataSource",0.000,0.774,1,7,299
"java.sql.Statement",0.649,0.711,3,6,139
"Max Transactions",0.620,0.828,6,16,292
"short",0.692,0.875,9,17,231
"SQL Map Activity",0.885,0.943,14,35,523
"isGreaterEqual",0.428,0.298,2,2,26
"Unary Conditionals",0.857,0.819,9,9,123
"Primitive Types",0.959,0.988,31,183,1174
"Arrays",0.655,0.923,8,30,317
"Request Caching",0.921,0.966,27,121,1039
"JavaBeans",0.812,0.967,14,53,669
"Result Sets",0.555,0.870,8,25,333
"Data Sources",0.870,0.981,32,182,1636
"ResultMap Aggregation",0.416,0.450,4,9,314
"Maps",0.739,0.961,10,39,546
"JDBC.Password Property",0.000,0.659,1,8,221
"SELECT",0.722,0.888,5,29,128
"Aliases",0.712,0.894,5,24,991
"Custom Row Handlers",0.817,0.948,20,47,434
"Numeric Scale",0.558,0.556,4,5,201
"Pool.MaximumActiveConnections Property",0.000,0.619,1,4,208
"Serializability",0.484,0.570,2,5,156
"Readers",0.491,0.628,2,8,80
"Mutability",0.484,0.570,2,5,156
"Testing",0.447,0.923,2,18,111
"Close",0.345,0.337,3,5,89
"Configuration",0.826,0.957,17,82,1780
"Files",0.000,0.500,1,2,6
"Collections",0.862,0.973,18,68,852
"boolean",0.756,0.883,10,17,275
"int",0.755,0.883,10,17,274
"JTA",0.521,0.898,3,15,142
"URLs",0.453,0.546,2,7,70
"Isolation Level",0.860,0.932,15,24,196
"Input",0.961,0.985,68,273,2249
"RemoveFirstPrepend",0.703,0.771,5,16,173
"Update",0.847,0.933,11,46,334
"Prepend",0.440,0.434,4,6,98
"UPDATE",0.736,0.759,7,13,94
"FOREIGN",0.977,0.996,129,815,7195
"isNotEmpty",0.405,0.245,2,2,25
"Streams",0.574,0.816,3,11,123
"Transaction Managers",0.858,0.942,11,49,496
"isNull",0.501,0.492,2,2,38
"Property Id",0.164,0.147,2,3,78
"Null Logger",0.000,0.829,1,6,17
"JDBC.Driver Property",0.000,0.430,1,3,111
"Logging Implementations",0.805,0.959,6,34,140
"Properties",0.500,0.644,2,4,62
"DBCP",0.386,0.794,3,9,120
"SimpleDataSource",0.477,0.949,4,97,732
"java.sql.Date",0.774,0.940,8,23,124
"java.sql.Timestamp",0.783,0.866,8,20,158
"Scripts",0.000,0.667,1,10,175
"Output",0.966,0.990,90,401,3542
"Update",0.833,0.965,15,67,482
"ResultMap Inheritence",0.547,0.866,6,52,709
"Dynamic Fragments",0.915,0.971,26,106,935
"Max Requests",0.669,0.902,4,19,303
"java.sql.ResultSet",0.661,0.765,3,10,168
"Max Results",0.675,0.904,10,19,274
"BigDecimal",0.770,0.828,8,17,143
"long",0.685,0.872,9,16,228
"JDBC",0.477,0.949,4,97,732
"Lists",0.694,0.928,6,27,350
"Sessions",0.898,0.987,22,214,1466
"STRONG",0.458,0.791,3,6,65
"Class Caching",0.639,0.907,6,17,339
"NumericScale",0.000,0.000,1,1,17
"Pool.PingQuery Property",0.113,0.792,2,12,333
"Stored Procedures",0.602,0.736,6,9,124
"Pool.PingConnectionsNotUsedFor Property",0.113,0.792,2,12,333
"Pool.MaximumCheckoutTime Property",0.000,0.652,1,6,220
"Simple Fragments",0.533,0.761,4,5,63
"Global Variable Substitution",0.515,0.513,3,3,109
"isNotNull",0.405,0.245,2,2,25
"Input/Output",0.980,0.996,112,883,6774
"CompareProperty Id",0.164,0.147,2,3,78
"JNDI",0.377,0.685,2,4,64
"Conjunction",0.217,0.208,2,4,81
"Cache Flushing",0.829,0.874,17,34,345
"SOFT",0.326,0.743,2,4,49
"Profiling",0.000,0.500,1,2,15
"JDBC",0.354,0.867,2,10,70
"JDBC.ConnectionURL Property",0.000,0.640,1,6,214
"Pool.TimeToWait Property",0.000,0.619,1,4,208
"GroupBy",0.339,0.362,2,7,289
"Batches",0.796,0.958,10,40,330
"Mapping Input Parameters to SQL",0.951,0.981,59,240,1877
